iter	Accuracy	Logloss
0	0.8128238342	0.6230832794
